,DET,SPEED,COLOR,ANIMAL,CANID,ACTION,MOTION,PREP,PATH,TRAIT_INDOLENCE
z1,0.0,0.0,0.0,0.7071067811865476,0.7071067811865475,-8.865115929175826e-17,-8.865115929175824e-17,0.0,0.0,0.0
z2,1.0,0.0,0.0,0.0,0.0,0.0,0.0,0.0,0.0,0.0
z3,0.0,0.0,0.0,-1.7730231858351654e-16,6.162975822039155e-32,-0.7071067811865477,-0.7071067811865475,0.0,0.0,0.0
